{
    "asd":[
        {
            "id":1,
            "name":"过气卫衣套头卫衣",
            "url":"./image/s1.jpg",
            "price":65.36,
            "cost":156.32
        },
        {
            "id":2,
            "name":"非主流潮流卫衣",
            "url":"./image/s2.jpg",
            "price":75.36,
            "cost":146.32
        },
        {
            "id":3,
            "name":"蒙面卫衣水货",
            "url":"./image/s3.jpg",
            "price":66.36,
            "cost":120.32
        },
        {
            "id":4,
            "name":"女士白色韩版卫衣",
            "url":"./image/s4.jpg",
            "price":64.76,
            "cost":130.32
        },
        {
            "id":5,
            "name":"华为胡歌智能手机",
            "url":"./image/s5.jpg",
            "price":1200.36,
            "cost":1560.32
        },
        {
            "id":6,
            "name":"荣耀智能手机",
            "url":"./image/s6.jpg",
            "price":800.36,
            "cost":1300.32
        },
        {
            "id":7,
            "name":"雷蛇超滑鼠标",
            "url":"./image/s7.jpg",
            "price":85.36,
            "cost":120.32
        },
        {
            "id":8,
            "name":"任天堂游戏手柄",
            "url":"./image/s8.jpg",
            "price":200.36,
            "cost":400.65
        },
        {
            "id":9,
            "name":"夏季超仙仙女裙",
            "url":"./image/s9.jpg",
            "price":85.36,
            "cost":138.32
        },
        {
            "id":10,
            "name":"大码夏天裙",
            "url":"./image/s10.jpg",
            "price":65.36,
            "cost":156.32
        },
        {
            "id":11,
            "name":"可爱风夏天裙",
            "url":"./image/s11.jpg",
            "price":85.45,
            "cost":166.75
        },
        {
            "id":12,
            "name":"学院风潮流裙",
            "url":"./image/s12.jpg",
            "price":120.45,
            "cost":156.32
        },
        {
            "id":13,
            "name":"包头高跟鞋",
            "url":"./image/s13.jpg",
            "price":124.6,
            "cost":186.5
        },
        {
            "id":14,
            "name":"老干爹高邦鞋",
            "url":"./image/s14.jpg",
            "price":65.36,
            "cost":156.32
        },
        {
            "id":15,
            "name":"无敌银光鞋子",
            "url":"./image/s15.jpg",
            "price":65.36,
            "cost":156.32
        }
    ]
}