{
     "list":[
            {
                "id":"600100002115",
                "name":"同色系情侣装夏装裙2019新款沙滩海边度假套装短袖t恤男女连衣裙",
                "price":85,
                "quentity":1,
                "src":"img/q1.jpg",
                "parts":[
                    {
                        "partsid":"10001",
                        "partsname":"手链"
                    }
                ]
            },
            {
                "id":"600100002100",
                "name":"夏季新款短袖t恤 男v领韩版修身潮流青年薄款纯棉休闲帅气体恤男",
                "price":230,
                "quentity":1,
                "src":"img/q2.jpg",
                "parts":[
                    {
                        "partsid":"10002",
                        "partsname":"吊坠"
                    }
                ]
            },
            {
                "id":"600100002113",
                "name":"分期购瑞士手表男士全自动机械表男表防水精钢超薄2019新款潮名表",
                "price":1750,
                "quentity":1,
                "src":"img/q3.jpg",
                "parts":[
                    {
                        "partsid":"10003",
                        "partsname":"包装盒"
                    }
                ]
            }
        ]
}